Country,Year,Production per capita (kg)
Myanmar,1961,
Myanmar,1962,
Myanmar,1963,
Myanmar,1964,
Myanmar,1965,
Myanmar,1966,
Myanmar,1967,
Myanmar,1968,
Myanmar,1969,
Myanmar,1970,
Myanmar,1971,
Myanmar,1972,
Myanmar,1973,
Myanmar,1974,
Myanmar,1975,
Myanmar,1976,
Myanmar,1977,
Myanmar,1978,
Myanmar,1979,
Myanmar,1980,
Myanmar,1981,
Myanmar,1982,
Myanmar,1983,
Myanmar,1984,
Myanmar,1985,
Myanmar,1986,
Myanmar,1987,
Myanmar,1988,
Myanmar,1989,
Myanmar,1990,
Myanmar,1991,
Myanmar,1992,
Myanmar,1993,
Myanmar,1994,
Myanmar,1995,
Myanmar,1996,
Myanmar,1997,
Myanmar,1998,
Myanmar,1999,
Myanmar,2000,
Myanmar,2001,
Myanmar,2002,
Myanmar,2003,
Myanmar,2004,
Myanmar,2005,
Myanmar,2006,
Myanmar,2007,
Myanmar,2008,
Myanmar,2009,
Myanmar,2010,
Myanmar,2011,
Myanmar,2012,
Myanmar,2013,
Myanmar,2014,
Myanmar,2015,
Myanmar,2016,
Myanmar,2017,
Myanmar,2018,
Myanmar,2019,
Myanmar,2020,
Myanmar,2021,